0	37.1587103028642
0.1	27.8570837941681
0.2	20.4091975345417
0.3	14.4776449392907
0.4	9.79276539821921
0.5	6.10951597302091
0.6	3.24843246223198
0.7	1.19451098631956
0.8	1.04095589503025
0.9	2.156685012849
1	3.03395981883922
1.1	3.67736510292381
1.2	4.09895160798473
1.3	4.37697076070136
1.4	4.48852713740616
1.5	4.52450225242091
1.6	4.48581682449339
1.7	4.38921729867263
1.8	4.25468302068666
1.9	4.08680412227145
2	3.89511523840491
2.1	3.6914994176654
2.2	3.48322295970532
2.3	3.27511149826755
2.4	3.06919608125753
2.5	2.86588593155826
2.6	2.66864722197581
2.7	2.4754447115549
2.8	2.29746098479639
2.9	2.14455511855068
3	2.04914448746878
3.1	2.46763894874946
3.2	2.19704550185764
3.3	1.98077330006517
3.4	1.82664731120088
3.5	1.68848900735073
3.6	1.56388932890066
3.7	1.45109285734281
3.8	1.34848587557601
3.9	1.25621893657231
4	1.17346724263124
4.1	1.09674003353179
4.2	1.02477206736376
4.3	0.959873771730812
4.4	0.948234222664677
4.5	0.828248785261981
4.6	0.729488816266829
4.7	3.39556830829046
4.8	1.54730191045259
4.9	9.76831606330719
5	3.40542120581385
5.1	16.5266155566706
5.2	0.855522439942848
5.3	2.221380691648
5.4	7.64317951183552
5.5	1.49948744074727
5.6	3.39298057091306
5.7	1.71392543022915
5.8	0.731710120726551
5.9	0.80300365281629
6	2.32666450939293
6.1	17.2563635764608
6.2	3.39374701471121
6.3	1.67028722640033
6.4	26.5510078093008
6.5	20.7287515409467
6.6	18.4393684440836
6.7	12.4051679761489
6.8	5.36278326327012
6.9	30.8403397135634
7	5.0681078181573
7.1	67.3181587804364
7.2	26.581291120976
7.3	28.2803241500199
7.4	19.1482674219187
7.5	25.9808401366044
7.6	43.8794469893156
7.7	31.3322566108184
7.8	38.5329475345694
7.9	0.991333995155535
8	5.26760968435716
8.1	24.6884604371643
8.2	0.888199578202531
8.3	1.72142567965604
8.4	2.53012601410597
8.5	4.04551361161029
8.6	41.0623539203316
8.7	3.24750455708186
8.8	7.26480406463318
8.9	0.769284970019824
9	15.3178596935325
9.1	26.7735572919292
9.2	54.0671410565516
9.3	18.7709455909615
9.4	45.0597435706823
9.5	61.4905404647653
9.6	44.0066665450641
9.7	8.33392752429755
9.8	1.36189021712405
9.9	0.562768987816671
10	0.320548650244338
10.1	2.26759134393351
10.2	12.5974969123713
10.3	12.1334162286612
10.4	8.69236315780698
10.5	0.174060772371271
10.6	5.29231521401187
10.7	7.02690665466521
10.8	1.35352927211467
10.9	1.19120885159954
11	1.33572262092983
11.1	2.6564396242509
11.2	1.08790260463204
11.3	0.142497673244357
11.4	0.339745789693477
11.5	2.51427348453895
11.6	0.785521760222377
11.7	0.198135327174514
11.8	0.255328479799123
11.9	0.583650796372038
12	0.441822907272428
12.1	0.202061006770154
12.2	0.120843815415889
12.3	0.117332550279773
12.4	0.227628149403199
12.5	0.449273359835735
12.6	0.592187564283472
12.7	0.625824936123369
12.8	0.551808263378186
12.9	0.473320079959579
13	0.409700844129503
13.1	0.350168323999283
13.2	0.302668225450142
13.3	0.264749352278692
13.4	0.235981382801004
13.5	0.214717832246614
13.6	0.198113917794374
13.7	0.185490707716007
13.8	0.178910650596223
13.9	0.173940408631185
14	0.172947685981895
14.1	0.177378017165702
14.2	0.188937301451336
14.3	0.191581691705938
14.4	0.186000738054708
14.5	0.183048400614391
14.6	0.185588261954964
14.7	0.201102714243459
14.8	0.225390166409466
14.9	0.279423384914069
15	0.345643847334926
15.1	0.397701434064835
15.2	0.436893777891374
15.3	0.460647355070235
15.4	0.477598686529851
15.5	0.477197662253089
15.6	0.488674055010509
15.7	0.450396751941857
15.8	0.803926890622827
15.9	0.847338736524268
16	0.521989721770383
16.1	0.504911652671042
16.2	0.496322327023301
16.3	0.490792270343485
16.4	0.4988442733444
16.5	0.51854175123017
16.6	0.538837323891746
16.7	0.543735877417942
16.8	0.488136986332825
16.9	0.463711962200094
17	0.456666945228031
17.1	0.465369236820416
17.2	0.483516693013814
17.3	0.508672158182423
17.4	0.508439600719257
17.5	0.453107963091707
17.6	0.429199081583389
17.7	0.423660104461554
17.8	0.434178334040537
17.9	0.454382874317356
18	0.482400277203203
18.1	0.474297249083602
18.2	0.417837560652099
18.3	0.39769432094876
18.4	0.394699950081715
18.5	0.409340490979174
18.6	0.43179812775488
18.7	0.461028688363308
18.8	0.434205498989675
18.9	0.382819040777315
19	0.368818971467538
19.1	0.370505841763866
19.2	0.393647031598562
19.3	0.41750835810473
19.4	0.434537989754908
19.5	0.382744319690597
19.6	0.350958711197783
19.7	0.342765749782981
19.8	0.350155676797737
19.9	0.379442226308521
20	0.405701312827727
20.1	0.40164770097672
20.2	0.341433767223045
20.3	0.324450411296631
20.4	0.322492543649496
20.5	0.339192317121035
20.6	0.373076780105758
20.7	0.394992768695491
20.8	0.349406333817263
20.9	0.308318000388953
21	0.300828770645623
21.1	0.307032082069895
21.2	0.338308895780166
21.3	0.369342321533953
21.4	0.352988231848484
21.5	0.297482677549333
21.6	0.285507378575369
21.7	0.285985515374978
21.8	0.306945535841293
21.9	0.346128263845771
22	0.348505508707678
22.1	0.290293232053886
22.2	0.270702300422124
22.3	0.266129463195515
22.4	0.27565731174295
22.5	0.311334768345144
22.6	0.337218368204673
22.7	0.293376042864781
22.8	0.256341775236856
22.9	0.250778084024124
23	0.255138515286258
23.1	0.281791381090606
23.2	0.315655741875863
23.3	0.286766213237395
23.4	0.243678150335178
23.5	0.23863699054197
23.6	0.238978333723685
23.7	0.254419778586238
23.8	0.286226580732588
23.9	0.279412988513186
24	0.233904697488421
24.1	0.226335546648483
24.2	0.22179562460339
24.3	0.225494104747396
24.4	0.244309764468595
24.5	0.264674798413266
24.6	0.238106382076452
24.7	0.212873121505294
24.8	0.209059237961555
24.9	0.207279259357914
25	0.212279630341579
25.1	0.225725797544752
25.2	0.232228442260736
25.3	0.214707132473247
25.4	0.19796907555063
25.5	0.193187522176955
25.6	0.193517929813682
25.7	0.203877785494267
25.8	0.223700274535573
25.9	0.226503467491761
26	0.197969347615888
26.1	0.183510386097668
26.2	0.179162634931368
26.3	0.181946857624396
26.4	0.199386718707886
26.5	0.224580928315692
26.6	0.216702580350005
26.7	0.179131976412037
26.8	0.170645312661689
26.9	0.167012207939016
27	0.173697448046351
27.1	0.200203425388061
27.2	0.225368402529585
27.3	0.199197149432286
27.4	0.161142929012419
27.5	0.156981511444708
27.6	0.157559730330417
27.7	0.175627735888407
27.8	0.213541352696665
27.9	0.216645227201448
28	0.165148864895599
28.1	0.146902984462384
28.2	0.142318670267939
28.3	0.150328569128169
28.4	0.18612241333579
28.5	0.221752687891031
28.6	0.190949843671944
28.7	0.139651519611243
28.8	0.135576227429041
28.9	0.136745865769651
29	0.160257614021275
29.1	0.207667498413766
29.2	0.208609328289157
29.3	0.145660965796836
29.4	0.126214817438489
29.5	0.122323344318265
29.6	0.135837788461505
29.7	0.182550664550164
29.8	0.21476289642316
29.9	0.167430377597635
30	0.118321665613715
30.1	0.112211435998439
30.2	0.124071601614711
30.3	0.169684379691348
30.4	0.208411143988807
30.5	0.170731892885488
30.6	0.112897888868121
30.7	0.106268175385211
30.8	0.117836734097184
30.9	0.161941460527965
31	0.201450571446378
31.1	0.165837391872042
31.2	0.107159776240919
31.3	0.0997638205174733
31.4	0.112737781729016
31.5	0.156794339073867
31.6	0.19327701612928
31.7	0.157642906721472
31.8	0.101655527732282
31.9	0.0936228137014625
32	0.108267863673679
32.1	0.15137225530239
32.2	0.183953358521178
32.3	0.149722133052532
32.4	0.0974553427915373
32.5	0.0891984681241529
32.6	0.103937183294365
32.7	0.143427683135237
32.8	0.173173056110461
32.9	0.144514867634131
33	0.0954105305176901
33.1	0.0865253516057197
33.2	0.100466081547218
33.3	0.135149414446208
33.4	0.161674838565294
33.5	0.139354929191666
33.6	0.0948292528516595
33.7	0.0850597644680034
33.8	0.0976046196132205
33.9	0.126852622484064
34	0.149698720333473
34.1	0.13406017575159
34.2	0.0957210913690814
34.3	0.084661827202854
34.4	0.0952974645476576
34.5	0.118819655051061
34.6	0.137645003920473
34.7	0.128334635305001
34.8	0.0978863051326696
34.9	0.0851621438528211
35	0.0934612214514002
35.1	0.111261985659121
35.2	0.125939215209298
35.3	0.121979126612106
35.4	0.100719890197518
35.5	0.0871536903606258
35.6	0.0906938405080186
35.7	0.101732658539231
35.8	0.113048290996948
35.9	0.115490289856095
36	0.105683430985949
36.1	0.0934122788208912
36.2	0.0879815773848634
36.3	0.0897383772329527
36.4	0.0963582939110747
36.5	0.103078298791383
36.6	0.105854958448444
36.7	0.103236067995042
36.8	0.0975078802661895
36.9	0.0930067294317947
37	0.0917184364532108
37.1	0.0929953164338697
37.2	0.0949660404412216
37.3	0.0961223110690857
37.4	0.0960540249261017
37.5	0.0951020062909531
37.6	0.0938202941493264
37.7	0.0926025981455067
37.8	0.091536658648404
37.9	0.0904895111912375
38	0.0892685869183356
38.1	0.0876966244965394
38.2	0.0855734732813646
38.3	0.0825893571926467
38.4	0.078292703625288
38.5	0.0727723160272996
38.6	0.069281556363273
38.7	0.0733774436863815
38.8	0.0795178768092084
38.9	0.0843019706505131
39	0.0935525754558081
39.1	0.111839375032837
39.2	0.183114028617881
39.3	0.566920585096519
39.4	0.765329873751006
39.5	0.54104048028277
39.6	0.828357797019781
39.7	0.405802662598502
39.8	0.885143916798351
39.9	0.145961744630022
40	0.208952104100371
40.1	0.393093004317239
40.2	0.369399325321879
40.3	0.391511650506834
40.4	0.392250913635726
40.5	0.386497440634827
40.6	0.385136617617719
40.7	0.384518628402979
40.8	0.383128110540446
40.9	0.381732372442274
41	0.380588520483904
41.1	0.379515898596828
41.2	0.37845176086379
41.3	0.377426087565502
41.4	0.37644288674059
41.5	0.375487279358158
41.6	0.374552259667528
41.7	0.37363663353889
41.8	0.37273841836991
41.9	0.371855098331911
42	0.370985028496161
42.1	0.370127209603513
42.2	0.369280808996632
42.3	0.368445123091329
42.4	0.367619632584786
42.5	0.366803960873297
42.6	0.36599781822553
42.7	0.365200979884213
42.8	0.364413275931459
42.9	0.363634578064808
43	0.362864787793913
43.1	0.362103829149512
43.2	0.361351643721402
43.3	0.360608186369777
43.4	0.359873421725327
43.5	0.359147321515541
43.6	0.358429862526191
43.7	0.357721025034573
43.8	0.357020791699517
43.9	0.356329146488849
44	0.355646073978085
44.1	0.354971558882664
44.2	0.35430558555291
44.3	0.353648137727078
44.4	0.352999198114649
44.5	0.352358748356516
44.6	0.351726768852873
44.7	0.351103238655134
44.8	0.350488135341916
44.9	0.349881435056469
45	0.349283112401877
45.1	0.348693140519328
45.2	0.348111491058708
45.3	0.347538134158254
45.4	0.346973038501296
45.5	0.346416171263029
45.6	0.345867498278323
45.7	0.345326984054905
45.8	0.344794591646168
45.9	0.344270282868644
46	0.343754018323269
46.1	0.343245757375466
46.2	0.342745458221729
46.3	0.342253077926422
46.4	0.341768572525903
46.5	0.341291896992097
46.6	0.340823005316795
46.7	0.340361850593172
46.8	0.339908384958991
46.9	0.339462559755006
47	0.339024325470626
47.1	0.338593631874772
47.2	0.338170427955196
47.3	0.337754662032747
47.4	0.337346281777597
47.5	0.3369452343027
47.6	0.336551466055038
47.7	0.33616492302633
47.8	0.335785550654988
47.9	0.335413293906706
48	0.335048097370633
48.1	0.334689905175423
48.2	0.334338661106245
48.3	0.333994308608564
48.4	0.333656790791982
48.5	0.333326050473686
48.6	0.333002030306245
48.7	0.332684672620302
48.8	0.332373919533386
48.9	0.332069713030065
49	0.331771994947186
49.1	0.33148070696174
49.2	0.331195790632046
49.3	0.330917187443023
49.4	0.330644838812508
49.5	0.330378686076782
49.6	0.33011867057852
49.7	0.329864733683822
49.8	0.329616816641098
49.9	0.329374860797916
50	0.329138807576716
50.1	0.328908598362382
50.2	0.32868417468992
50.3	0.32846547809069
50.4	0.328252450269352
50.5	0.328045032952392
50.6	0.327843168075634
50.7	0.327646797652914
50.8	0.327455863812555
50.9	0.327270308871282
51	0.32709007532337
51.1	0.326915105782813
51.2	0.326745343091426
51.3	0.326580730230794
51.4	0.326421210387162
51.5	0.326266726982876
51.6	0.326117223624957
51.7	0.325972644146159
51.8	0.32583293256909
51.9	0.325698033164565
52	0.32556789044472
52.1	0.325442449177073
52.2	0.325321654334453
52.3	0.325205451129957
52.4	0.325093785073647
52.5	0.324986601918129
52.6	0.324883847631073
52.7	0.324785468483848
52.8	0.324691411028651
52.9	0.324601622019122
53	0.32451604854429
53.1	0.324434637988549
53.2	0.324357337924557
53.3	0.324284096202826
53.4	0.324214861070741
53.5	0.324149580951197
53.6	0.3240882045418
53.7	0.324030680902447
53.8	0.323976959308032
53.9	0.323926989345634
54	0.323880720904353
54.1	0.323838104102982
54.2	0.323799089386551
54.3	0.323763627525318
54.4	0.323731669492791
54.5	0.323703166586583
54.6	0.323678070428391
54.7	0.323656332845267
54.8	0.323637906031221
54.9	0.32362274242006
55	0.323610794763956
55.1	0.323602016048134
55.2	0.323596359590357
55.3	0.323593778996429
55.4	0.323594228097968
55.5	0.323597661107736
55.6	0.323604032413262
55.7	0.323613296754751
55.8	0.323625409130861
55.9	0.323640324814039
56	0.323657999376762
56.1	0.323678388637251
56.2	0.323701448756965
56.3	0.323727136084047
56.4	0.323755407308557
56.5	0.323786219389044
56.6	0.323819529531496
56.7	0.32385529521898
56.8	0.323893474223654
56.9	0.32393402459867
57	0.323976904655503
57.1	0.324022072930056
57.2	0.324069488295257
57.3	0.324119109863823
57.4	0.324170897038231
57.5	0.324224809459881
57.6	0.324280807004018
57.7	0.324338849870188
57.8	0.324398898534148
57.9	0.324460913674214
58	0.324524856215463
58.1	0.324590687473077
58.2	0.324658368884984
58.3	0.324727862213947
58.4	0.324799129471385
58.5	0.324872132897406
58.6	0.324946835062447
58.7	0.325023198729152
58.8	0.325101186975658
58.9	0.32518076306308
59	0.325261890560563
59.1	0.325344533260864
59.2	0.325428655266359
59.3	0.325514220892254
59.4	0.325601194709218
59.5	0.325689541548026
59.6	0.325779226546856
59.7	0.325870214992585
59.8	0.325962472473236
59.9	0.326055964904033
60	0.326150658359246
60.1	0.326246519199356
60.2	0.326343514023307
60.3	0.32644160974272
60.4	0.326540773446379
60.5	0.32664097253635
60.6	0.32674217463961
60.7	0.32684434766344
60.8	0.326947459726419
60.9	0.327051479222783
61	0.327156374845008
61.1	0.327262115485529
61.2	0.327368670316005
61.3	0.327476008788378
61.4	0.327584100567056
61.5	0.327692915588753
61.6	0.327802424085664
61.7	0.327912596512653
61.8	0.328023403573909
61.9	0.328134816281234
62	0.328246805885739
62.1	0.328359343887103
62.2	0.328472402044621
62.3	0.328585952446737
62.4	0.328699967361675
62.5	0.328814419377691
62.6	0.328929281328058
62.7	0.329044526309988
62.8	0.329160127739235
62.9	0.329276059235738
63	0.329392294733857
63.1	0.329508808420557
63.2	0.329625574764027
63.3	0.329742568503184
63.4	0.329859764699009
63.5	0.329977138631688
63.6	0.330094665860773
63.7	0.33021232223611
63.8	0.330330083977161
63.9	0.330447927428311
64	0.330565829331048
64.1	0.330683766718012
64.2	0.330801716843051
64.3	0.330919657255357
64.4	0.331037565856891
64.5	0.331155420877417
64.6	0.331273200641134
64.7	0.33139088401001
64.8	0.331508449980151
64.9	0.331625877890112
65	0.331743147474495
65.1	0.331860238581072
65.2	0.331977131565978
65.3	0.33209380695997
65.4	0.332210245576751
65.5	0.332326428688216
65.6	0.332442337791902
65.7	0.332557954662422
65.8	0.332673261449103
65.9	0.332788240593993
66	0.332902874823734
66.1	0.33301714731363
66.2	0.33313104138612
66.3	0.333244540853752
66.4	0.333357629727477
66.5	0.333470292401402
66.6	0.333582513629128
66.7	0.333694278492913
66.8	0.333805572349402
66.9	0.333916380893883
67	0.334026690250489
67.1	0.334136486848293
67.2	0.334245757381489
67.3	0.334354488987585
67.4	0.33446266912115
67.5	0.334570285572034
67.6	0.334677326494136
67.7	0.334783780393044
67.8	0.334889636066198
67.9	0.334994882808394
68	0.335099510166836
68.1	0.335203508075869
68.2	0.3353068668309
68.3	0.335409577106493
68.4	0.335511629930226
68.5	0.335613016686342
68.6	0.335713729149015
68.7	0.335813759527427
68.8	0.335913100254514
68.9	0.336011744295449
69	0.336109684871076
69.1	0.336206915703379
69.2	0.336303430763651
69.3	0.336399224542484
69.4	0.336494291802877
69.5	0.336588627796247
69.6	0.336682228070134
69.7	0.336775088599465
69.8	0.336867205809435
69.9	0.336958576457867
70	0.337049197694932
70.1	0.337139067109647
70.2	0.337228182637917
70.3	0.337316542729345
70.4	0.337404146079902
70.5	0.337490991896755
70.6	0.3375770797835
70.7	0.337662409717402
70.8	0.33774698215088
70.9	0.337830797863981
71	0.337913858090609
71.1	0.337996164485601
71.2	0.338077719139536
71.3	0.338158524520089
71.4	0.338238583489102
71.5	0.338317899408572
71.6	0.338396476028028
71.7	0.338474317469665
71.8	0.338551428375722
71.9	0.338627813702377
72	0.338703478938283
72.1	0.338778429903944
72.2	0.338852672911294
72.3	0.338926214690195
72.4	0.338999062378072
72.5	0.339071223532523
72.6	0.339142706231104
72.7	0.339213518838035
72.8	0.339283670295819
72.9	0.339353169854206
73	0.339422027281902
73.1	0.339490252745245
73.2	0.339557856847324
73.3	0.339624850616272
73.4	0.339691245562524
73.5	0.339757053575115
73.6	0.33982228700968
73.7	0.339886958614965
73.8	0.339951081620905
73.9	0.340014669688567
74	0.340077736872127
74.1	0.340140297718298
74.2	0.340202367147201
74.3	0.340263960555197
74.4	0.340325093747915
74.5	0.340385782975161
74.6	0.34044604491005
74.7	0.340505896657305
74.8	0.340565355747878
74.9	0.340624440165308
75	0.340683168243242
75.1	0.340741558870079
75.2	0.340799631246508
75.3	0.340857404991213
75.4	0.34091490027135
75.5	0.340972137515935
75.6	0.341029137674817
75.7	0.341085922088855
75.8	0.341142512488614
75.9	0.341198931034853
76	0.341255200294582
76.1	0.34131134325262
76.2	0.341367383246396
76.3	0.341423344107453
76.4	0.341479249963219
76.5	0.34153512543454
76.6	0.341590995420276
76.7	0.341646885340337
76.8	0.341702820866258
76.9	0.341758828180136
77	0.341814933726276
77.1	0.34187116441268
77.2	0.341927547449097
77.3	0.341984110451319
77.4	0.342040881390965
77.5	0.34209788857644
77.6	0.342155160704994
77.7	0.34221272675979
77.8	0.342270616155182
77.9	0.342328858556661
78	0.342387484012951
78.1	0.342446522841109
78.2	0.342506005784577
78.3	0.342565963769157
78.4	0.342626428130475
78.5	0.342687430439598
78.6	0.342749002619705
78.7	0.342811176805286
78.8	0.342873985486264
78.9	0.342937461369799
79	0.343001637486506
79.1	0.343066547055186
79.2	0.343132223596088
79.3	0.343198700859167
79.4	0.343266012808195
79.5	0.343334193663012
79.6	0.343403277840076
79.7	0.343473299942978
79.8	0.343544294812198
79.9	0.343616297464174
80	0.343689343084564
80.1	0.343763467038255
80.2	0.343838704807483
80.3	0.343915092113686
80.4	0.343992664701448
80.5	0.344071458526976
80.6	0.344151509606782
80.7	0.344232854130977
80.8	0.344315528293629
80.9	0.344399568420522
81	0.344485010896432
81.1	0.344571892156085
81.2	0.34466024869095
81.3	0.34475011702347
81.4	0.344841533639169
81.5	0.344934535083394
81.6	0.345029157899704
81.7	0.34512543853391
81.8	0.345223413500348
81.9	0.345323119140308
82	0.345424591834063
82.1	0.345527867807084
82.2	0.34563298323042
82.3	0.345739974116439
82.4	0.345848876389373
82.5	0.345959725824229
82.6	0.346072558003159
82.7	0.34618740837283
82.8	0.346304312170822
82.9	0.346423304386229
83	0.346544419861057
83.1	0.34666769311019
83.2	0.346793158442052
83.3	0.346920849842797
83.4	0.347050801044457
83.5	0.347183045451082
83.6	0.34731761609266
83.7	0.347454545714806
83.8	0.347593866646855
83.9	0.347735610822848
84	0.347879809811844
84.1	0.348026494715216
84.2	0.348175696197254
84.3	0.348327444487658
84.4	0.348481769265245
84.5	0.348638699778122
84.6	0.348798264719588
84.7	0.348960492223134
84.8	0.349125409861552
84.9	0.349293044647994
85	0.349463422983066
85.1	0.349636570635119
85.2	0.349812512719805
85.3	0.349991273709946
85.4	0.350172877385882
85.5	0.350357346818172
85.6	0.350544704373616
85.7	0.350734971629054
85.8	0.350928169438139
85.9	0.35112431784459
86	0.351323436108974
86.1	0.351525542641328
86.2	0.35173065502246
86.3	0.351938789966209
86.4	0.352149963283748
86.5	0.352364189909867
86.6	0.352581483818189
86.7	0.352801858072229
86.8	0.353025324758026
86.9	0.353251894964521
87	0.353481578801672
87.1	0.353714385337251
87.2	0.353950322623604
87.3	0.354189397651528
87.4	0.354431616286936
87.5	0.354676983384177
87.6	0.354925502632278
87.7	0.355177176592957
87.8	0.355432006714
87.9	0.355689993241869
88	0.355951135290037
88.1	0.356215430730529
88.2	0.356482876273859
88.3	0.356753467359501
88.4	0.357027198226328
88.5	0.35730406184377
88.6	0.357584049907351
88.7	0.357867152854419
88.8	0.358153359803663
88.9	0.35844265858464
89	0.358735035714583
89.1	0.359030476367139
89.2	0.359328964376837
89.3	0.359630482254298
89.4	0.359935011122959
89.5	0.360242530752797
89.6	0.360553019526506
89.7	0.360866454457858
89.8	0.36118281115896
89.9	0.361502063845843
90	0.36182418533551
90.1	0.362149147035575
90.2	0.362476918927632
90.3	0.362807469592034
90.4	0.363140766194952
90.5	0.363476774454287
90.6	0.363815458690577
90.7	0.36415678176866
90.8	0.364500705169393
90.9	0.364847188912574
91	0.365196191619849
91.1	0.365547670474499
91.2	0.365901581251298
91.3	0.366257878311697
91.4	0.366616514599997
91.5	0.366977441662163
91.6	0.367340609646264
91.7	0.36770596730951
91.8	0.36807346202406
91.9	0.368443039781701
92	0.368814645225807
92.1	0.369188221622855
92.2	0.369563710915849
92.3	0.369941053703996
92.4	0.37032018927133
92.5	0.370701055597
92.6	0.37108358936179
92.7	0.371467725986648
92.8	0.371853399618154
92.9	0.372240543167268
93	0.372629088314755
93.1	0.373018965546896
93.2	0.373410104142003
93.3	0.37380243223662
93.4	0.374195876796957
93.5	0.374590363681085
93.6	0.374985817638696
93.7	0.375382162342792
93.8	0.375779320410898
93.9	0.376177213429097
94	0.37657576197632
94.1	0.376974885660941
94.2	0.377374503133374
94.3	0.377774532115098
94.4	0.378174889443083
94.5	0.378575491077953
94.6	0.378976252141716
94.7	0.379377086953259
94.8	0.37977790905492
94.9	0.380178631232487
95	0.38057916557061
95.1	0.380979423462081
95.2	0.381379315656289
95.3	0.381778752275421
95.4	0.382177642877245
95.5	0.382575896456184
95.6	0.382973421496055
95.7	0.383370126007358
95.8	0.383765917555929
95.9	0.384160703292032
96	0.384554390005336
96.1	0.384946884143997
96.2	0.385338091859816
96.3	0.385727919043288
96.4	0.386116271358669
96.5	0.38650305428594
96.6	0.386888173153103
96.7	0.38727153317795
96.8	0.387653039503226
96.9	0.388032597233339
97	0.388410111479595
97.1	0.388785487388237
97.2	0.389158630183597
97.3	0.389529445205688
97.4	0.389897837947814
97.5	0.390263714096918
97.6	0.390626979564237
97.7	0.39098754053096
97.8	0.391345303477894
97.9	0.39170017523048
98	0.392052062990746
98.1	0.39240087437644
98.2	0.392746517454913
98.3	0.393088900788545
98.4	0.393427933448102
98.5	0.393763525076689
98.6	0.394095585913617
98.7	0.394424026818812
98.8	0.394748759317084
98.9	0.395069695639462
99	0.395386748741093
99.1	0.395699832351077
99.2	0.396008860985182
99.3	0.396313749998866
99.4	0.396614415605199
99.5	0.39691077491469
99.6	0.397202745953471
99.7	0.397490247713918
99.8	0.397773200164265
99.9	0.398051524282421
100	0.398325142102612
100.1	0.39859397670833
100.2	0.39885795229391
100.3	0.399116994168597
100.4	0.39937102879555
100.5	0.399619983808106
100.6	0.399863788039151
100.7	0.400102371543771
100.8	0.400335665622206
100.9	0.400563602845972
101	0.400786117067706
101.1	0.401003143465024
101.2	0.401214618532243
101.3	0.401420480119863
101.4	0.401620667462593
101.5	0.401815121161365
101.6	0.402003783236673
101.7	0.402186597132236
101.8	0.40236350772601
101.9	0.402534461354051
102	0.402699405825744
102.1	0.402858290428859
102.2	0.403011065951478
102.3	0.403157684697702
102.4	0.403298100482416
102.5	0.403432268660758
102.6	0.403560146138066
102.7	0.403681691359135
102.8	0.403796864353293
102.9	0.403905626704565
103	0.404007941587978
103.1	0.40410377376503
103.2	0.404193089587272
103.3	0.40427585700884
103.4	0.404352045601388
103.5	0.404421626530021
103.6	0.404484572584718
103.7	0.404540858176384
103.8	0.404590459329268
103.9	0.404633353700337
104	0.404669520567648
104.1	0.404698940828643
104.2	0.404721597029819
104.3	0.404737473319459
104.4	0.404746555487395
104.5	0.404748830943228
104.6	0.404744288714991
104.7	0.404732919458646
104.8	0.404714715454193
104.9	0.404689670572616
105	0.404657780309917
105.1	0.404619041777347
105.2	0.404573453651949
105.3	0.404521016235585
105.4	0.404461731398995
105.5	0.404395602598652
105.6	0.40432263487417
105.7	0.404242834793693
105.8	0.404156210520144
105.9	0.404062771745981
106	0.403962529677938
106.1	0.403855497085533
106.2	0.403741688233091
106.3	0.403621118884244
106.4	0.40349380628886
106.5	0.403359769189466
106.6	0.403219027782456
106.7	0.403071603717602
106.8	0.402917520098025
106.9	0.402756801391557
107	0.402589473556337
107.1	0.402415563855003
107.2	0.402235100984419
107.3	0.402048114969913
107.4	0.401854637175757
107.5	0.401654700315261
107.6	0.401448338351956
107.7	0.401235586574208
107.8	0.401016481517973
107.9	0.400791060963457
108	0.40055936392096
108.1	0.400321430583489
108.2	0.400077302340695
108.3	0.39982702171675
108.4	0.399570632408932
108.5	0.399308179194919
108.6	0.399039707932604
108.7	0.398765265585626
108.8	0.398484900120517
108.9	0.398198660503585
109	0.39790659677374
109.1	0.397608759814436
109.2	0.397305201559231
109.3	0.396995974794989
109.4	0.396681133177868
109.5	0.396360731277847
109.6	0.396034824464633
109.7	0.395703468907272
109.8	0.395366721561313
109.9	0.395024640130509
110	0.394677283043692
110.1	0.394324709391326
110.2	0.393966979002575
110.3	0.393604152252864
110.4	0.393236290167698
110.5	0.392863454348955
110.6	0.392485706954374
110.7	0.392103110640375
110.8	0.391715728568289
110.9	0.391323624378053
111	0.390926862081706
111.1	0.390525506179939
111.2	0.39011962146572
111.3	0.389709273164658
111.4	0.38929452673896
111.5	0.388875447982542
111.6	0.388452102934222
111.7	0.38802455788648
111.8	0.387592879347672
111.9	0.387157133942825
112	0.3867173885188
112.1	0.386273709973373
112.2	0.385826165387198
112.3	0.385374821839342
112.4	0.384919746446882
112.5	0.384461006438058
112.6	0.383998668916326
112.7	0.383532801023879
112.8	0.383063469835991
112.9	0.382590742318366
113	0.382114685364689
113.1	0.381635365739984
113.2	0.381152850021471
113.3	0.380667204639975
113.4	0.380178495826102
113.5	0.379686789623218
113.6	0.379192151756171
113.7	0.378694647770812
113.8	0.378194342958679
113.9	0.377691302206059
114	0.377185590142356
114.1	0.376677271102058
114.2	0.376166409017286
114.3	0.375653067452755
114.4	0.375137309643382
114.5	0.374619198344999
114.6	0.374098795963336
114.7	0.373576164440914
114.8	0.373051365303858
114.9	0.372524459607776
115	0.371995507920318
115.1	0.371464570352262
115.2	0.370931706494985
115.3	0.370396975482304
115.4	0.369860435889296
115.5	0.36932214576438
115.6	0.368782162657873
115.7	0.368240543518001
115.8	0.367697344799429
115.9	0.367152622418084
116	0.366606431594384
116.1	0.36605882708347
116.2	0.365509863062136
116.3	0.364959593080383
116.4	0.364408070071069
116.5	0.363855346430198
116.6	0.363301473933961
116.7	0.362746503752569
116.8	0.362190486391611
116.9	0.361633471840723
117	0.361075509395795
117.1	0.360516647797093
117.2	0.359956935127324
117.3	0.359396418801798
117.4	0.358835145720771
117.5	0.358273162092566
117.6	0.357710513546704
117.7	0.357147245006756
117.8	0.356583400843043
117.9	0.356019024843875
118	0.355454160032973
118.1	0.354888848961783
118.2	0.354323133478137
118.3	0.353757054831467
118.4	0.353190653688721
118.5	0.352623970064178
118.6	0.35205704337565
118.7	0.351489912424358
118.8	0.350922615432225
118.9	0.350355189976049
119	0.349787673118181
119.1	0.349220101211769
119.2	0.348652510104983
119.3	0.348084935073961
119.4	0.347517410705329
119.5	0.346949971126686
119.6	0.346382649858145
119.7	0.345815479723895
119.8	0.345248493203889
119.9	0.34468172210171
120	0.344115197622092
120.1	0.343548950508025
120.2	0.342983010912595
120.3	0.342417408466555
120.4	0.341852172270914
120.5	0.341287330872039
120.6	0.340722912290181
120.7	0.340158944073416
120.8	0.339595453252704
120.9	0.339032466271299
121	0.33847000918162
121.1	0.337908107495499
121.2	0.337346786192526
121.3	0.336786069850186
121.4	0.336225982466262
121.5	0.335666547711449
121.6	0.335107788634122
121.7	0.334549727908521
121.8	0.333992387780117
121.9	0.333435789973776
122	0.332879955805041
122.1	0.332324906145715
122.2	0.331770661464137
122.3	0.331217241728904
122.4	0.330664666621052
122.5	0.330112955296877
122.6	0.329562126460275
122.7	0.329012198564043
122.8	0.328463189608107
122.9	0.327915117131882
123	0.327367998358423
123.1	0.326821850129525
123.2	0.326276688814242
123.3	0.325732530578448
123.4	0.325189391115568
123.5	0.324647285794979
123.6	0.324106229614838
123.7	0.32356623717078
123.8	0.323027322871727
123.9	0.322489500667005
124	0.321952784211398
124.1	0.321417186830155
124.2	0.320882721531501
124.3	0.320349400943079
124.4	0.319817237469374
124.5	0.319286243211669
124.6	0.31875642998758
124.7	0.318227809128566
124.8	0.317700391895299
124.9	0.317174189167284
125	0.316649211580683
125.1	0.316125469405427
125.2	0.315602972788672
125.3	0.315081731456955
125.4	0.314561754941748
125.5	0.314043052528948
125.6	0.313525633217064
125.7	0.313009505826048
125.8	0.312494678791318
125.9	0.311981160385579
126	0.311468958690252
126.1	0.310958081489467
126.2	0.310448536352837
126.3	0.309940330603812
126.4	0.309433471384876
126.5	0.308927965621077
126.6	0.308423820020672
126.7	0.307921040957231
126.8	0.307419634691425
126.9	0.306919607391367
127	0.306420964933701
127.1	0.305923712937528
127.2	0.305427856852779
127.3	0.304933402009688
127.4	0.304440353499869
127.5	0.303948716267872
127.6	0.303458495037344
127.7	0.302969694303994
127.8	0.30248231852681
127.9	0.301996371907346
128	0.3015118585874
128.1	0.301028782376122
128.2	0.300547147051911
128.3	0.30006695604529
128.4	0.299588212910299
128.5	0.299110920907731
128.6	0.298635083169836
128.7	0.298160702632787
128.8	0.297687782107874
128.9	0.297216324392672
129	0.296746331973354
129.1	0.296277807188268
129.2	0.295810752438457
129.3	0.295345169836762
129.4	0.294881061486022
129.5	0.294418429130397
129.6	0.293957274677711
129.7	0.293497599818272
129.8	0.293039406065399
129.9	0.292582694760704
130	0.29212746732317
130.1	0.291673724965064
130.2	0.291221468686688
130.3	0.290770699659086
130.4	0.290321418687141
130.5	0.289873626484484
130.6	0.289427323825965
130.7	0.288982511351315
130.8	0.288539189529619
130.9	0.288097358686546
131	0.287657019181381
131.1	0.287218171311499
131.2	0.286780815111003
131.3	0.28634495076664
131.4	0.285910578133425
131.5	0.285477697164243
131.6	0.285046307549493
131.7	0.284616409388518
131.8	0.284188001828758
131.9	0.283761084727693
132	0.283335657677774
132.1	0.282911720035212
132.2	0.282489271136776
132.3	0.282068310307112
132.4	0.28164883668785
132.5	0.281230849606184
132.6	0.28081434827733
132.7	0.280399331517699
132.8	0.279985798280351
132.9	0.279573747961588
133	0.279163179004617
133.1	0.278754090134401
133.2	0.278346480375334
133.3	0.27794034864724
133.4	0.277535693390701
133.5	0.277132513075627
133.6	0.276730806438258
133.7	0.276330572083854
133.8	0.275931808391035
133.9	0.27553451374064
134	0.275138686605371
134.1	0.274744325634956
134.2	0.274351428685069
134.3	0.273959994092075
134.4	0.273570020357758
134.5	0.2731815056668
134.6	0.272794447975044
134.7	0.272408845550186
134.8	0.272024696425175
134.9	0.271641998841758
135	0.271260750760348
135.1	0.270880950205644
135.2	0.270502595048031
135.3	0.270125683527526
135.4	0.26975021333433
135.5	0.269376182389869
135.6	0.269003588705202
135.7	0.268632430198181
135.8	0.268262704649227
135.9	0.267894409718051
136	0.267527543345276
136.1	0.267162103674906
136.2	0.266798088019757
136.3	0.266435494106052
136.4	0.26607431980971
136.5	0.265714563040896
136.6	0.265356221544269
136.7	0.264999292637529
136.8	0.264643774217754
136.9	0.264289664070371
137	0.263936959815662
137.1	0.263585659037084
137.2	0.263235759484439
137.3	0.26288725863667
137.4	0.262540154340085
137.5	0.26219444420523
137.6	0.261850125737539
137.7	0.261507196634957
137.8	0.26116565458053
137.9	0.260825497179529
138	0.260486721841952
138.1	0.260149326496989
138.2	0.259813308642966
138.3	0.259478665962146
138.4	0.259145395976905
138.5	0.258813496312564
138.6	0.258482964724239
138.7	0.258153798724834
138.8	0.25782599591939
138.9	0.257499554004572
139	0.25717447082504
139.1	0.256850743746616
139.2	0.256528370427544
139.3	0.256207348714182
139.4	0.25588767644061
139.5	0.25556935103955
139.6	0.255252370079254
139.7	0.254936731276071
139.8	0.254622432702793
139.9	0.254309472091909
140	0.253997846893037
140.1	0.253687554719809
140.2	0.253378593604247
140.3	0.253070961539535
140.4	0.252764656070821
140.5	0.252459674874092
140.6	0.252156015928285
140.7	0.251853677021897
140.8	0.251552656116626
140.9	0.251252951196492
141	0.250954559849858
141.1	0.250657480080481
141.2	0.250361709946924
141.3	0.250067247464195
141.4	0.24977409033916
141.5	0.249482236630943
141.6	0.24919168454683
141.7	0.24890243193934
141.8	0.248614476917439
141.9	0.24832781741412
142	0.248042451763547
142.1	0.247758377985448
142.2	0.247475594384052
142.3	0.247194098821461
142.4	0.246913889576842
142.5	0.246634964857943
142.6	0.246357323087293
142.7	0.246080962391813
142.8	0.24580588127417
142.9	0.245532077770476
143	0.245259550250392
143.1	0.244988297174179
143.2	0.244718316958797
143.3	0.2444496079717
143.4	0.244182168711913
143.5	0.243915997737474
143.6	0.243651093566238
143.7	0.243387454595121
143.8	0.243125079457189
143.9	0.242863966649994
144	0.242604114958003
144.1	0.242345523045366
144.2	0.242088189700488
144.3	0.241832113481855
144.4	0.241577292996058
144.5	0.241323727434198
144.6	0.241071415462876
144.7	0.240820355634794
144.8	0.240570546970455
144.9	0.240321988698186
145	0.240074679673834
145.1	0.239828618849432
145.2	0.239583805076982
145.3	0.239340237381902
145.4	0.239097914973304
145.5	0.238856837226417
145.6	0.238617002979644
145.7	0.238378411418279
145.8	0.23814106176579
145.9	0.237904953520338
146	0.237670085908224
146.1	0.23743645817077
146.2	0.237204069629769
146.3	0.2369729196478
146.4	0.236743007892085
146.5	0.236514333819803
146.6	0.236286896980187
146.7	0.236060696674203
146.8	0.235835732657011
146.9	0.235612004433812
147	0.235389511892177
147.1	0.235168254716538
147.2	0.23494823265593
147.3	0.234729445216563
147.4	0.23451189225074
147.5	0.234295573949196
147.6	0.2340804900147
147.7	0.233866640532458
147.8	0.233654025367893
147.9	0.233442644315717
148	0.23323249745087
148.1	0.233023585385713
148.2	0.232815907899955
148.3	0.232609465103062
148.4	0.232404257301965
148.5	0.23220028479537
148.6	0.231997547757066
148.7	0.231796046404602
148.8	0.231595781251437
148.9	0.231396752983961
149	0.231198961747219
149.1	0.231002408015613
149.2	0.230807092464914
149.3	0.23061301556275
149.4	0.230420177987043
149.5	0.230228580247845
149.6	0.230038223105144
149.7	0.229849107527269
149.8	0.229661234132191
149.9	0.229474603604694
150	0.22928921660458
