0	2.39999999999999
0.1	61.5283635932399
0.2	172.642448234166
0.3	274.64484360966
0.4	326.532920926757
0.5	327.078938715778
0.6	280.95914019035
0.7	204.235431917876
0.8	128.76585576978
0.9	64.9750209735071
1	18.6308899698793
1.1	-14.2420750052017
1.2	-35.094004728469
1.3	-49.5856279755245
1.4	-54.3834483289905
1.5	-60.0226612933566
1.6	-62.0116383516585
1.7	-61.942306307902
1.8	-60.1676735811623
1.9	-58.0097702824111
2	-55.4674220376029
2.1	-52.4882984882858
2.2	-49.1278804818695
2.3	-45.5067877948623
2.4	-41.8463833918734
2.5	-38.3237235786237
2.6	-34.8989164522716
2.7	-32.2290172562398
2.8	-29.0413884550553
2.9	-24.511090725857
3	-20.3383438053306
3.1	-23.571846180584
3.2	-19.1979959929804
3.3	-15.43579612382
3.4	-12.0585707601761
3.5	-8.94264848760284
3.6	-6.01182101381861
3.7	-3.2385643045785
3.8	-0.551758241101541
3.9	2.16840290292426
4	4.60577285983448
4.1	6.73967395165727
4.2	8.6309756877512
4.3	10.582135726096
4.4	15.9333665556367
4.5	18.5805966582003
4.6	11.9182485380208
4.7	72.9761994296118
4.8	40.2482953033815
4.9	188.50147207388
5	75.7338400134853
5.1	310.78195530456
5.2	29.3676433256468
5.3	54.7690988549295
5.4	151.19877087568
5.5	41.2745855675831
5.6	74.4374752227499
5.7	44.2706411960896
5.8	26.4160097589598
5.9	27.2778857529858
6	52.7584578335644
6.1	300.508653659677
6.2	68.5218087345099
6.3	39.4215550833184
6.4	434.361743214568
6.5	335.84846930773
6.6	294.588513326466
6.7	198.116959214214
6.8	90.2716071373784
6.9	456.330997078784
7	82.3076469389067
7.1	939.279786466171
7.2	368.20972396738
7.3	381.252286509997
7.4	254.609872637832
7.5	332.378514168922
7.6	538.12283702318
7.7	375.22631895434
7.8	444.222013568067
7.9	20.7946054538087
8	65.1924592438162
8.1	258.314572399828
8.2	18.668789090657
8.3	26.0178092381627
8.4	32.4095646477687
8.5	43.930034854638
8.6	332.427218330863
8.7	34.4391068290913
8.8	59.3181682433729
8.9	15.6498842569522
9	100.873223052186
9.1	154.209031327589
9.2	271.264560919684
9.3	89.3721206440593
9.4	178.151350006306
9.5	203.633848581635
9.6	123.040559400111
9.7	26.4837215458531
9.8	13.0287091268476
9.9	11.5945042476542
10	10.5629130273497
10.1	9.14919411882468
10.2	-4.04411851356362
10.3	-11.005469980852
10.4	-9.99123803765613
10.5	11.1108286739362
10.6	-7.84477584293333
10.7	-18.4193770069856
10.8	5.5365607348901
10.9	5.89094840503075
11	4.6213872317764
11.1	-5.05572691809022
11.2	4.87953358907338
11.3	12.5014625781052
11.4	10.3130143804405
11.5	-9.20575491365517
11.6	5.40480774380978
11.7	11.2589862950296
11.8	10.308825950932
11.9	6.58176888462063
12	7.8819181595822
12.1	10.3253911612985
12.2	11.6550659946115
12.3	11.3825910760205
12.4	9.17837864431117
12.5	3.51408547347932
12.6	1.13722602974166
12.7	-1.46906682609178
12.8	3.1893859560773
12.9	3.74748391838889
13	4.30736448979433
13.1	4.75307632550814
13.2	5.11733476868369
13.3	5.38980570436981
13.4	5.57881774137124
13.5	5.74631262168927
13.6	5.93916313197915
13.7	6.07683691013874
13.8	6.10795657226646
13.9	6.11456910157145
14	6.08054133558628
14.1	5.95404538748495
14.2	5.70000712110031
14.3	5.59405265024774
14.4	5.63711807202041
14.5	5.64947990887467
14.6	5.56709413091201
14.7	5.25207414410207
14.8	4.78139065306723
14.9	3.79904917504829
15	2.56926842521202
15.1	1.6064912252604
15.2	0.868931250916648
15.3	0.347919335408806
15.4	0.00162673255430286
15.5	-0.0766952736346828
15.6	-0.357194778159895
15.7	0.241536550720561
15.8	6.49966829296728
15.9	-1.38363970525644
16	0.0437010097956555
16.1	-0.378443496673109
16.2	-0.763901398446507
16.3	-0.809437657509308
16.4	-0.957364719404748
16.5	-1.04775726507726
16.6	-0.939535914724975
16.7	-1.04859271282289
16.8	-0.783268410089317
16.9	-0.731379678584938
17	-0.716373737691358
17.1	-0.846824275999451
17.2	-0.877749526326088
17.3	-0.807497060601019
17.4	-0.861933775531447
17.5	-0.642834698177523
17.6	-0.576176762657948
17.7	-0.575425166508887
17.8	-0.702645861123241
17.9	-0.704081523998723
18	-0.644960516193897
18.1	-0.674713468222309
18.2	-0.472023075920573
18.3	-0.414307145402557
18.4	-0.430917802953176
18.5	-0.558269871284808
18.6	-0.494527351863466
18.7	-0.487074385498535
18.8	-0.447872587272038
18.9	-0.296488983896646
19	-0.244636569974871
19.1	-0.281999196579153
19.2	-0.400714378266402
19.3	-0.250969976345147
19.4	-0.331026939282783
19.5	-0.163496752203363
19.6	-0.117404493186844
19.7	-0.0819943359850264
19.8	-0.137727603345722
19.9	-0.2037633395274
20	-0.0257529284196027
20.1	-0.128505445695999
20.2	0.0821908583536728
20.3	0.10017418517071
20.4	0.091071926225695
20.5	0.0323851811456627
20.6	0.0965411769584357
20.7	0.153690537044788
20.8	0.170359150957081
20.9	0.276160831053375
21	0.306011761796969
21.1	0.292501822195513
21.2	0.271344029018438
21.3	0.397238577235763
21.4	0.354490277294876
21.5	0.472199695313773
21.6	0.509366002056633
21.7	0.503487127842532
21.8	0.509760319618369
21.9	0.596576670860432
22	0.622517827477775
22.1	0.652525430920276
22.2	0.70754500600789
22.3	0.716249138319633
22.4	0.743581436420801
22.5	0.810275648139518
22.6	0.89283363306214
22.7	0.867489517701243
22.8	0.914658966578637
22.9	0.956650404583286
23	0.986593665763756
23.1	1.06937365004175
23.2	1.13199367425226
23.3	1.13526222395425
23.4	1.13291734778734
23.5	1.19049331243278
23.6	1.20626529608433
23.7	1.29263960431576
23.8	1.38953714223742
23.9	1.3930877581299
24	1.37351602605008
24.1	1.42547585308714
24.2	1.43139211528688
24.3	1.49765125011513
24.4	1.61578616232042
24.5	1.6685650749414
24.6	1.65494985800806
24.7	1.63821148097199
24.8	1.69109324908724
24.9	1.71820779175771
25	1.8021305321667
25.1	1.90026833889697
25.2	1.92703330303842
25.3	1.92960966142113
25.4	1.91318076573052
25.5	1.95019380410008
25.6	2.01328123606396
25.7	2.14776905365336
25.8	2.24539020833179
25.9	2.25157269949286
26	2.21503143270123
26.1	2.19664173634874
26.2	2.22462480697756
26.3	2.32060375418849
26.4	2.5083317900947
26.5	2.57808581306565
26.6	2.58476296599803
26.7	2.45868671873611
26.8	2.47254807439338
26.9	2.50455346472057
27	2.64133730034424
27.1	2.86544926127559
27.2	2.89497491247191
27.3	2.888701941501
27.4	2.68563397807841
27.5	2.72265274732274
27.6	2.80449130853744
27.7	3.02602863324433
27.8	3.21424188405752
27.9	3.19512991427898
28	3.03004497527921
28.1	2.94063776046547
28.2	2.95922689158302
28.3	3.12592529568411
28.4	3.45272682427402
28.5	3.47347363955908
28.6	3.47580276038408
28.7	3.12533178474183
28.8	3.15085162185044
28.9	3.25260532329103
29	3.51944372732708
29.1	3.75951223850727
29.2	3.7275936236079
29.3	3.46429966187306
29.4	3.34418409026915
29.5	3.36668754924473
29.6	3.578473038826
29.7	3.94705592834758
29.8	3.94374192833476
29.9	3.87348534982761
30	3.48609051369205
30.1	3.48638272547923
30.2	3.69122809870859
30.3	4.0926138157109
30.4	4.12401835937856
30.5	4.08233174083262
30.6	3.63535936601005
30.7	3.62744459762959
30.8	3.81726602575423
30.9	4.19786690899603
31	4.28656881742103
31.1	4.20215672636594
31.2	3.77091184348648
31.3	3.75078814476915
31.4	3.94057683204242
31.5	4.31072691924529
31.6	4.39541689764353
31.7	4.29475000892898
31.8	3.87973047491512
31.9	3.85216738566222
32	4.04612259740138
32.1	4.40152657892796
32.2	4.47036354872579
32.3	4.364998040841
32.4	3.97366111817766
32.5	3.94195224540652
32.6	4.12502246140391
32.7	4.44981976859258
32.8	4.52173057795977
32.9	4.42184905398776
33	4.06037300694331
33.1	4.02032704709017
33.2	4.18489034648705
33.3	4.47060408134905
33.4	4.5504996264797
33.5	4.45681257557629
33.6	4.13832939394291
33.7	4.08739408151061
33.8	4.23039038153773
33.9	4.47337154560372
34	4.55649151766651
34.1	4.47584988535042
34.2	4.20984526869195
34.3	4.14475363991679
34.4	4.26426533142215
34.5	4.46306169717297
34.6	4.54376360657854
34.7	4.48134997629786
34.8	4.27598156408846
34.9	4.19416457522276
35	4.28890451070874
35.1	4.44395173032637
35.2	4.51719588659805
35.3	4.47582456752836
35.4	4.33454589167453
35.5	4.24323310124813
35.6	4.29324046680627
35.7	4.39883861581374
35.8	4.47413736567064
35.9	4.46882711512734
36	4.39943487374332
36.1	4.31493750176744
36.2	4.2847373756711
36.3	4.31648724366324
36.4	4.38729976900302
36.5	4.438712040516
36.6	4.44240652343574
36.7	4.41392031767775
36.8	4.37238159500057
36.9	4.34489424889968
37	4.34626855702003
37.1	4.36987281355033
37.2	4.39493279880765
37.3	4.40597827801932
37.4	4.40354428240795
37.5	4.39534704963124
37.6	4.38773626528829
37.7	4.38382338297392
37.8	4.38377216573971
37.9	4.38608909571994
38	4.38939036719849
38.1	4.39343178631055
38.2	4.39919660010199
38.3	4.40902896211268
38.4	4.42795762545586
38.5	4.47265710709858
38.6	4.55850406264015
38.7	4.66763761981114
38.8	4.77534746755374
38.9	4.85742325120783
39	5.01651010531938
39.1	5.32478493932724
39.2	6.48625254340298
39.3	12.6009709652084
39.4	7.3452692495494
39.5	10.8791451263637
39.6	12.9597283080883
39.7	8.57807430318394
39.8	13.9018082043971
39.9	4.50109116840993
40	4.98220080790199
40.1	6.87515608343131
40.2	6.7201580007335
40.3	7.01025728618018
40.4	7.07470278388444
40.5	7.06432800384435
40.6	7.09112836104793
40.7	7.12043147798524
40.8	7.13823400017458
40.9	7.15328681020753
41	7.16889129431462
41.1	7.18364960809851
41.2	7.19723222195281
41.3	7.2101798069982
41.4	7.22270085377658
41.5	7.23476104094827
41.6	7.24637712168824
41.7	7.25760535736422
41.8	7.26847799118853
41.9	7.27901013716435
42	7.28921786357907
42.1	7.29911800117427
42.2	7.3087245206846
42.3	7.31804922389725
42.4	7.32710315626445
42.5	7.33589675840202
42.6	7.34443970604816
42.7	7.35274101074569
42.8	7.36080917073881
42.9	7.36865222836326
43	7.37627779781539
43.1	7.38369310990091
43.2	7.39090505671895
43.3	7.39792022442807
43.4	7.40474491915148
43.5	7.41138519017355
43.6	7.41784685020387
43.7	7.4241354932353
43.8	7.43025651159893
43.9	7.43621510795579
44	7.4420163076056
44.1	7.44766497001932
44.2	7.45316579706366
44.3	7.45852334239437
44.4	7.46374201624754
44.5	7.4688260938503
44.6	7.47377972045585
44.7	7.47860691644668
44.8	7.48331158113592
44.9	7.48789749804911
45	7.49236833742538
45.1	7.49672766104746
45.2	7.50097892482261
45.3	7.50512548146287
45.4	7.50917058392508
45.5	7.51311738665866
45.6	7.51696895004428
45.7	7.52072824254436
45.8	7.52439814087498
45.9	7.52798143433737
46	7.53148082680053
46.1	7.53489893785048
46.2	7.53823830532771
46.3	7.54150138679328
46.4	7.5446905625692
46.5	7.54780813631972
46.6	7.55085633743404
46.7	7.55383732328538
46.8	7.5567531797373
46.9	7.55960592428319
47	7.56239750642736
47.1	7.56512981063845
47.2	7.56780465646712
47.3	7.57042380118163
47.4	7.57298894098676
47.5	7.57550171329346
47.6	7.57796369626861
47.7	7.58037641258658
47.8	7.58274132922225
47.9	7.58505985922084
48	7.58733336411505
48.1	7.58956315364566
48.2	7.59175048823871
48.3	7.59389657990604
48.4	7.59600259329208
48.5	7.5980696468689
48.6	7.60009881570698
48.7	7.60209113016738
48.8	7.60404757804084
48.9	7.60596910656121
49	7.60785662287892
49.1	7.60971099479339
49.2	7.61153305193214
49.3	7.61332358720001
49.4	7.61508335757093
49.5	7.61681308456202
49.6	7.61851345610931
49.7	7.62018512762834
49.8	7.6218287206654
49.9	7.62344482646495
50	7.62503400635347
50.1	7.62659679079588
50.2	7.62813368273789
50.3	7.62964515588191
50.4	7.63113165787934
50.5	7.63259360875793
50.6	7.63403140405153
50.7	7.63544541367281
50.8	7.63683598293624
50.9	7.63820343394452
51	7.63954806621722
51.1	7.64087015624389
51.2	7.6421699595533
51.3	7.64344771003376
51.4	7.64470362121357
51.5	7.64593788722125
51.6	7.64715068258078
51.7	7.64834216321612
51.8	7.64951246640847
51.9	7.65066171200659
52	7.65179000276927
52.1	7.65289742502645
52.2	7.65398404840989
52.3	7.65504992667089
52.4	7.65609509887978
52.5	7.65711958912788
52.6	7.65812340644926
52.7	7.65910654648459
52.8	7.66006899143529
52.9	7.6610107094244
53	7.66193165658659
53.1	7.66283177697566
53.2	7.66371100140742
53.3	7.66456924888967
53.4	7.66540642874861
53.5	7.66622243779004
53.6	7.66701716200179
53.7	7.66779047806224
53.8	7.66854225156543
53.9	7.66927233877835
54	7.66998058661988
54.1	7.67066683201557
54.2	7.6713309035021
54.3	7.6719726214461
54.4	7.67259179670785
54.5	7.67318823241488
54.6	7.6737617243609
54.7	7.67431205949677
54.8	7.67483901843637
54.9	7.67534237392229
55	7.67582189220756
55.1	7.67627733204123
55.2	7.67670844621643
55.3	7.6771149812664
55.4	7.67749667669906
55.5	7.67785326748806
55.6	7.67818448129386
55.7	7.67849004120681
55.8	7.67876966458934
55.9	7.67902306346699
56	7.67924994514542
56.1	7.67945001150585
56.2	7.67962296069209
56.3	7.67976848502793
56.4	7.67988627328753
56.5	7.67997600999433
56.6	7.68003737512122
56.7	7.68007004480447
56.8	7.68007369153439
56.9	7.68004798431475
57	7.67999258843854
57.1	7.6799071652165
57.2	7.67979137352176
57.3	7.67964486875964
57.4	7.67946730363296
57.5	7.67925832765829
57.6	7.67901758702432
57.7	7.67874472615557
57.8	7.67843938707511
57.9	7.6781012086325
58	7.67772982703828
58.1	7.67732487819467
58.2	7.6768859939156
58.3	7.67641280495412
58.4	7.67590494009484
58.5	7.67536202576733
58.6	7.6747836878963
58.7	7.67416954975559
58.8	7.6735192340542
58.9	7.67283236104799
59	7.67210855046836
59.1	7.67134742028652
59.2	7.67054858818759
59.3	7.66971167021936
59.4	7.66883628151951
59.5	7.66792203642244
59.6	7.6669685492527
59.7	7.66597543223721
59.8	7.66494229761285
59.9	7.66386875811987
60	7.6627544247382
60.1	7.66159890863482
60.2	7.66040182037788
60.3	7.65916277122455
60.4	7.65788137124225
60.5	7.65655723126323
60.6	7.65518996172909
60.7	7.6537791736061
60.8	7.65232447743933
60.9	7.65082548427566
61	7.64928180609293
61.1	7.64769305451282
61.2	7.64605884191617
61.3	7.64437878162099
61.4	7.64265248687386
61.5	7.64087957186489
61.6	7.63905965195787
61.7	7.6371923429587
61.8	7.63527726129796
61.9	7.6333140250603
62	7.63130225308322
62.1	7.62924156505191
62.2	7.62713158173138
62.3	7.62497192605787
62.4	7.62276222105893
62.5	7.62050209188215
62.6	7.61819116474375
62.7	7.61582906726542
62.8	7.61341542932283
62.9	7.61094988140116
63	7.60843205636291
63.1	7.6058615884319
63.2	7.60323811372935
63.3	7.60056127011718
63.4	7.59783069795069
63.5	7.59504603891364
63.6	7.59220693657029
63.7	7.58931303665765
63.8	7.58636398834857
63.9	7.5833594407897
64	7.5802990468476
64.1	7.57718246188451
64.2	7.57400934260665
64.3	7.57077934826836
64.4	7.5674921413124
64.5	7.56414738734739
64.6	7.56074475170592
64.7	7.55728390570452
64.8	7.55376452113338
64.9	7.55018627301011
65	7.54654884052198
65.1	7.54285190300232
65.2	7.53909514553601
65.3	7.53527825441467
65.4	7.5314009183947
65.5	7.52746283134814
65.6	7.52346368907211
65.7	7.51940318998568
65.8	7.51528103657116
65.9	7.51109693417541
66	7.50685059079705
66.1	7.50254171961457
66.2	7.49817003476434
66.3	7.49373525604436
66.4	7.48923710496392
66.5	7.48467530719634
66.6	7.48004959229907
66.7	7.47535969347814
66.8	7.4706053468065
66.9	7.46578629190751
67	7.46090227325636
67.1	7.45595303876964
67.2	7.45093833903737
67.3	7.4458579297337
67.4	7.44071157001259
67.5	7.43549902281206
67.6	7.43022005511655
67.7	7.42487443802613
67.8	7.4194619455423
67.9	7.41398235775064
68	7.40843545733201
68.1	7.4028210314171
68.2	7.3971388714285
68.3	7.39138877289556
68.4	7.38557053554734
68.5	7.37968396313256
68.6	7.37372886384101
68.7	7.36770505109196
68.8	7.36161234060374
68.9	7.35545055448183
69	7.34921951757707
69.1	7.34291906079999
69.2	7.33654901760562
69.3	7.33010922773982
69.4	7.32359953401188
69.5	7.31701978491733
69.6	7.31036983235802
69.7	7.30364953311341
69.8	7.2968587493657
69.9	7.28999734698142
70	7.28306519641405
70.1	7.27606217325857
70.2	7.26898815697402
70.3	7.26184303319258
70.4	7.25462669015439
70.5	7.24733902211071
70.6	7.23997992785986
70.7	7.23254931034015
70.8	7.22504707826101
70.9	7.2174731437677
71	7.2098274244362
71.1	7.20210984244161
71.2	7.19432032504286
71.3	7.18645880385114
71.4	7.17852521477275
71.5	7.17051949943039
71.6	7.16244160389744
71.7	7.15429147828719
71.8	7.14606907878182
71.9	7.13777436480418
72	7.12940730197189
72.1	7.12096785943606
72.2	7.11245601176733
72.3	7.10387173825059
72.4	7.09521502268803
72.5	7.08648585330599
72.6	7.07768422422466
72.7	7.06881013252333
72.8	7.05986358171408
72.9	7.05084457841364
73	7.04175313508737
73.1	7.03258926820423
73.2	7.02335299909632
73.3	7.01404435342553
73.4	7.00466336203101
73.5	6.9952100597424
73.6	6.98568448630952
73.7	6.97608668549356
73.8	6.96641670606408
73.9	6.95667460131702
74	6.9468604283195
74.1	6.93697424945842
74.2	6.92701613075472
74.3	6.91698614303866
74.4	6.90688436119993
74.5	6.89671086464131
74.6	6.88646573686641
74.7	6.87614906565033
74.8	6.86576094283888
74.9	6.85530146489942
75	6.84477073131592
75.1	6.83416884710693
75.2	6.82349592035311
75.3	6.81275206260982
75.4	6.80193739120569
75.5	6.79105202527241
75.6	6.78009608905101
75.7	6.76906971034289
75.8	6.75797302037918
75.9	6.74680615430396
76	6.73556925073821
76.1	6.72426245222083
76.2	6.71288590397624
76.3	6.7014397559501
76.4	6.68992416013882
76.5	6.67833927318486
76.6	6.66668525352936
76.7	6.6549622645059
76.8	6.64317047077921
76.9	6.6313100419362
77	6.61938114888847
77.1	6.60738396683197
77.2	6.59531867289301
77.3	6.5831854474083
77.4	6.57098447350847
77.5	6.55871593667622
77.6	6.54638002547095
77.7	6.53397692999186
77.8	6.52150684412756
77.9	6.50896996285694
78	6.49636648435315
78.1	6.48369660789385
78.2	6.47096053632629
78.3	6.45815847302805
78.4	6.44529062437414
78.5	6.43235719791083
78.6	6.419358403472
78.7	6.40629445194436
78.8	6.39316555643019
78.9	6.37997193095154
79	6.36671379158428
79.1	6.35339135497508
79.2	6.34000483943567
79.3	6.32655446440844
79.4	6.31304045008058
79.5	6.2994630178364
79.6	6.28582238991752
79.7	6.27211878895567
79.8	6.25835243849366
79.9	6.24452356264491
80	6.23063238589476
80.1	6.21667913330102
80.2	6.20266402938284
80.3	6.18858730012711
80.4	6.17444917034825
80.5	6.16024986553056
80.6	6.14598961047968
80.7	6.13166863065789
80.8	6.11728715013354
80.9	6.10284539320929
81	6.08834358344219
81.1	6.07378194368942
81.2	6.05916069622626
81.3	6.04448006269343
81.4	6.02974026315703
81.5	6.01494151713126
81.6	6.00008404333107
81.7	5.9851680582651
81.8	5.97019377847142
81.9	5.95516141772671
82	5.94007118948251
82.1	5.92492330477056
82.2	5.90971797372628
82.3	5.89445540397428
82.4	5.87913580173633
82.5	5.86375937143827
82.6	5.84832631512094
82.7	5.83283683302156
82.8	5.81729112335907
82.9	5.80168938155494
83	5.78603180158145
83.1	5.77031857417736
83.2	5.75454988839374
83.3	5.73872593014422
83.4	5.72284688315437
83.5	5.70691292869893
83.6	5.69092424478328
83.7	5.67488100724275
83.8	5.65878338899042
83.9	5.64263155977298
84	5.62642568702456
84.1	5.61016593487822
84.2	5.59385246457204
84.3	5.5774854347195
84.4	5.56106500036495
84.5	5.5445913139602
84.6	5.52806452481867
84.7	5.51148477924044
84.8	5.49485222021551
84.9	5.47816698797992
85	5.46142921953042
85.1	5.44463904898147
85.2	5.42779660715994
85.3	5.41090202194769
85.4	5.39395541827454
85.5	5.37695691800459
85.6	5.35990664024232
85.7	5.3428047008538
85.8	5.32565121320482
85.9	5.30844628741233
86	5.29119003120591
86.1	5.27388254932415
86.2	5.25652394407689
86.3	5.2391143151846
86.4	5.22165375966144
86.5	5.20414237246161
86.6	5.18658024583673
86.7	5.16896747014806
86.8	5.15130413359622
86.9	5.13359032218954
87	5.11582612037099
87.1	5.0980116104773
87.2	5.08014687336188
87.3	5.06223198882583
87.4	5.04426703454541
87.5	5.02625208748646
87.6	5.00818722368878
87.7	4.99007251788363
87.8	4.97190804465503
87.9	4.9536938774765
88	4.93543009012352
88.1	4.91711675562721
88.2	4.89875394756405
88.3	4.88034173945945
88.4	4.86188020538429
88.5	4.84336942021656
88.6	4.82480945953734
88.7	4.80620040026727
88.8	4.78754232055285
88.9	4.76883530014192
89	4.75007942086678
89.1	4.73127476634799
89.2	4.71242142264532
89.3	4.69351947868919
89.4	4.67456902600909
89.5	4.65557015950659
89.6	4.63652297733816
89.7	4.6174275815149
89.8	4.59828407803496
89.9	4.57909257714938
90	4.55985319366535
90.1	4.54056604749354
90.2	4.52123126350464
90.3	4.5018489719531
90.4	4.48241930935137
90.5	4.46294241781568
90.6	4.44341844633655
90.7	4.42384755018438
90.8	4.40422989203068
90.9	4.38456564168976
91	4.36485497688546
91.1	4.34509808316973
91.2	4.3252951544547
91.3	4.30544639333527
91.4	4.28555201137822
91.5	4.26561222942616
91.6	4.24562727794528
91.7	4.22559739720511
91.8	4.20552283795427
91.9	4.18540386129233
92	4.16524073933784
92.1	4.14503375525428
92.2	4.12478320392273
92.3	4.10448939171244
92.4	4.08415263735802
92.5	4.06377327195387
92.6	4.0433516391323
92.7	4.02288809561291
92.8	4.00238301153328
92.9	3.9818367703186
93	3.96124976930899
93.1	3.94062242010369
93.2	3.91995514833667
93.3	3.89924839464852
93.4	3.87850261415081
93.5	3.85771827731045
93.6	3.83689586981754
93.7	3.81603589288952
93.8	3.79513886355906
93.9	3.77420531505616
94	3.75323579634389
94.1	3.73223087298009
94.2	3.71119112732354
94.3	3.69011715800859
94.4	3.66900958083758
94.5	3.64786902858716
94.6	3.62669615121422
94.7	3.60549161582065
94.8	3.58425610723891
94.9	3.56299032749212
95	3.54169499646487
95.1	3.52037085146004
95.2	3.49901864811115
95.3	3.47763915906126
95.4	3.45623317556545
95.5	3.43480150638933
95.6	3.41334497845206
95.7	3.39186443625416
95.8	3.3703607426424
95.9	3.34883477806845
96	3.32728744105186
96.1	3.30571964789936
96.2	3.28413233265235
96.3	3.26252644703428
96.4	3.24090296048016
96.5	3.21926285994022
96.6	3.19760714971842
96.7	3.17593685141847
96.8	3.154253003881
96.9	3.13255666277048
97	3.1108489007324
97.1	3.08913080697026
97.2	3.06740348740578
97.3	3.04566806388147
97.4	3.0239256744039
97.5	3.00217747295525
97.6	2.9804246288541
97.7	2.9586683268739
97.8	2.93690976692608
97.9	2.91515016350632
98	2.89339074577043
98.1	2.87163275687931
98.2	2.84987745406397
98.3	2.82812610797631
98.4	2.80638000251394
98.5	2.78464043452814
98.6	2.76290871327154
98.7	2.74118616003148
98.8	2.71947410825413
98.9	2.69777390239955
99	2.67608689814293
99.1	2.65441446154844
99.2	2.63275796903149
99.3	2.61111880667899
99.4	2.58949836997194
99.5	2.56789806320937
99.6	2.54631929923162
99.7	2.52476349879902
99.8	2.50323209017702
99.9	2.48172650890591
100	2.46024819687906
100.1	2.43879860241656
100.2	2.41737917926007
100.3	2.39599138645233
100.4	2.37463668773792
100.5	2.35331655102704
100.6	2.33203244792063
100.7	2.31078585329171
100.8	2.28957824473132
100.9	2.26841110181875
101	2.24728590622376
101.1	2.22620414048388
101.2	2.20516728785459
101.3	2.18417683205522
101.4	2.16323425612548
101.5	2.14234104244253
101.6	2.12149867197918
101.7	2.10070862380985
101.8	2.07997237462075
101.9	2.05929139839107
102	2.03866716545172
102.1	2.01810114239118
102.2	1.99759479138864
102.3	1.97714956962507
102.4	1.95676692892272
102.5	1.93644831525888
102.6	1.91619516803142
102.7	1.8960089200089
102.8	1.87589099640386
102.9	1.85584281454208
103	1.83586578354054
103.1	1.8159613035235
103.2	1.79613076545091
103.3	1.77637555060434
103.4	1.75669702978309
103.5	1.73709656330012
103.6	1.71757550033876
103.7	1.69813517837301
103.8	1.67877692304738
103.9	1.65950204744945
104	1.64031185161604
104.1	1.62120762272923
104.2	1.6021906338037
104.3	1.58326214400824
104.4	1.56442339779222
104.5	1.54567562480165
104.6	1.52702003933334
104.7	1.50845784004216
104.8	1.48999020942199
104.9	1.47161831353126
105	1.4533433018303
105.1	1.43516630637657
105.2	1.4170884418402
105.3	1.39911080516282
105.4	1.38123447502896
105.5	1.36346051179386
105.6	1.34578995672684
105.7	1.32822383251911
105.8	1.31076314215518
105.9	1.2934088689089
106	1.27616197659764
106.1	1.25902340839041
106.2	1.24199408721665
106.3	1.22507491532054
106.4	1.2082667740663
106.5	1.19157052373386
106.6	1.17498700310638
106.7	1.15851702970802
106.8	1.142161398803
106.9	1.12592088448167
107	1.10979623793186
107.1	1.09378818881534
107.2	1.07789744378727
107.3	1.06212468744622
107.4	1.04647058149931
107.5	1.03093576469477
107.6	1.01552085320373
107.7	1.00022644004171
107.8	0.985053095157321
107.9	0.970001365467416
108	0.955071774409965
108.1	0.940264822471032
108.2	0.925580986598426
108.3	0.911020720719049
108.4	0.896584455050594
108.5	0.882272596695178
108.6	0.868085529552575
108.7	0.854023613881202
108.8	0.840087186746922
108.9	0.826276562517257
109	0.81259203128539
109.1	0.799033861338283
109.2	0.785602296897028
109.3	0.772297559582399
109.4	0.759119848525828
109.5	0.74606933961395
109.6	0.733146186363181
109.7	0.720350519808726
109.8	0.70768244870947
109.9	0.695142059573836
110	0.682729416778046
110.1	0.670444563449041
110.2	0.658287520098948
110.3	0.64625828670577
110.4	0.634356841648792
110.5	0.622583142270447
110.6	0.610937125073733
110.7	0.599418706172591
110.8	0.588027781344954
110.9	0.576764225937095
111	0.565627896263743
111.1	0.554618628192553
111.2	0.543736239174571
111.3	0.532980526896691
111.4	0.522351270936435
111.5	0.511848232292456
111.6	0.50147115398001
111.7	0.491219761099563
111.8	0.481093760992983
111.9	0.471092844581033
112	0.46121668524602
112.1	0.451464940579968
112.2	0.441837251196856
112.3	0.432333242482915
112.4	0.422952524568891
112.5	0.413694691340013
112.6	0.404559323203296
112.7	0.395545985319099
112.8	0.386654228922519
112.9	0.377883591773675
113	0.369233597914306
113.1	0.360703758397614
113.2	0.35229357189963
113.3	0.344002524506239
113.4	0.335830090610853
113.5	0.327775732381768
113.6	0.319838901785639
113.7	0.312019039218871
113.8	0.304315574055454
113.9	0.296727926603009
114	0.289255507006618
114.1	0.281897715299075
114.2	0.274653943015109
114.3	0.267523572937972
114.4	0.260505978774048
114.5	0.253600526965342
114.6	0.246806575539148
114.7	0.240123475435235
114.8	0.233550570192545
114.9	0.227087196721647
115	0.220732685656597
115.1	0.214486361142409
115.2	0.20834754188878
115.3	0.202315540497441
115.4	0.19638966480837
115.5	0.19056921774716
115.6	0.184853497202409
115.7	0.179241797307181
115.8	0.173733407708342
115.9	0.16832761366485
116	0.163023698569898
116.1	0.157820941290062
116.2	0.152718617731189
116.3	0.147716001404446
116.4	0.14281236370755
116.5	0.138006973049983
116.6	0.133299096187471
116.7	0.128687997915123
116.8	0.124172942255938
116.9	0.119753190780721
117	0.115428004951326
117.1	0.111196644513805
117.2	0.107058368931977
117.3	0.103012437871184
117.4	0.0990581094362944
117.5	0.095194642449107
117.6	0.0914212952322526
117.7	0.0877373273465622
117.8	0.0841419980939224
117.9	0.0806345667662014
118	0.0772142951472278
118.1	0.0738804442752677
118.2	0.0706322771168974
118.3	0.0674690578588078
118.4	0.0643900514741948
118.5	0.0613945250244343
118.6	0.0584817468900788
118.7	0.0556509875185847
118.8	0.0529015187477525
118.9	0.0502326151789424
119	0.0476435522442093
119.1	0.0451336091362389
119.2	0.0427020664112283
119.3	0.0403482066898043
119.4	0.0380713165188809
119.5	0.0358706836658259
119.6	0.0337455988030434
119.7	0.0316953571171903
119.8	0.0297192539405475
119.9	0.0278165889299557
120	0.0259866652996431
120.1	0.0242287882842691
120.2	0.0225422668239833
120.3	0.0209264128473567
120.4	0.0193805414973667
120.5	0.0179039715002444
120.6	0.016496025069386
120.7	0.0151560273042352
120.8	0.0138833067220543
120.9	0.0126771965128379
121	0.0115370319323318
121.1	0.0104621524463262
121.2	0.00945190166867682
121.3	0.00850562581968209
121.4	0.00762267624534866
121.5	0.00680240595148623
121.6	0.00604417387842449
121.7	0.00534734157579566
121.8	0.00471127406781698
121.9	0.00413534101296998
122	0.00361891561429842
122.1	0.00316137495288901
122.2	0.00276209957382146
122.3	0.00242047497233531
122.4	0.00213588876163651
122.5	0.0019077338306225
122.6	0.00173540756699329
122.7	0.00161830944718913
122.8	0.00155584350042839
122.9	0.0015474185371897
123	0.00159244643174987
123.1	0.00169034295174266
123.2	0.00184052920767219
123.3	0.00204242795625034
123.4	0.00229546738004349
123.5	0.00259907906859631
123.6	0.0029526987745042
123.7	0.00335576689526008
123.8	0.00380772577747447
123.9	0.0043080232128253
124	0.00485611041695716
124.1	0.00545144248683229
124.2	0.00609347831692677
124.3	0.00678168157277362
124.4	0.00751551867612517
124.5	0.00829445971007286
124.6	0.00911797841595423
124.7	0.00998555486034511
124.8	0.0108966699374469
124.9	0.0118508096739373
125	0.0128474632473186
125.1	0.0138861248857634
125.2	0.0149662904281002
125.3	0.0160874615974152
125.4	0.0172491427946998
125.5	0.018450841993199
125.6	0.0196920712936075
125.7	0.0209723454376877
125.8	0.0222911846458302
125.9	0.0236481117016263
126	0.0250426524623692
126.1	0.0264743370952738
126.2	0.0279426991890923
126.3	0.0294472761115896
126.4	0.0309876082920155
126.5	0.0325632395864784
126.6	0.0341737173465183
126.7	0.0358185940660851
126.8	0.0374974245724437
126.9	0.0392097654430246
127	0.0409551781015418
127.1	0.0427332279669039
127.2	0.0445434837107966
127.3	0.0463855162840599
127.4	0.0482589008246136
127.5	0.0501632151589955
127.6	0.0520980410152941
127.7	0.0540629641558381
127.8	0.0560575717342388
127.9	0.0580814553709229
128	0.0601342083138273
128.1	0.0622154294105188
128.2	0.0643247188381488
128.3	0.0664616826198336
128.4	0.068625926147274
128.5	0.0708170597196013
128.6	0.0730346965168172
128.7	0.0752784534952708
128.8	0.0775479504822728
128.9	0.0798428084185629
129	0.082162653726328
129.1	0.0845071159999024
129.2	0.0868758252111807
129.3	0.0892684162820927
129.4	0.0916845255047968
129.5	0.0941237954536561
129.6	0.0965858674665288
129.7	0.099070387192965
129.8	0.101577003758664
129.9	0.104105370290084
130	0.106655139673589
130.1	0.109225969151715
130.2	0.111817520194687
130.3	0.114429453017057
130.4	0.117061434251471
130.5	0.119713133257499
130.6	0.122384219640393
130.7	0.12507436625587
130.8	0.127783249717425
130.9	0.130510549876662
131	0.133255947584001
131.1	0.136019125711563
131.2	0.138799772364654
131.3	0.141597574650832
131.4	0.14441222592655
131.5	0.147243419227873
131.6	0.150090853185987
131.7	0.152954221212578
131.8	0.15583323240131
131.9	0.158727586663313
132	0.161636989235568
132.1	0.164561150026431
132.2	0.167499780643474
132.3	0.170452594291166
132.4	0.173419308132982
132.5	0.1763996382199
132.6	0.179393303298902
132.7	0.182400029592332
132.8	0.185419542783993
132.9	0.188451563155035
133	0.191495826446271
133.1	0.194552065904573
133.2	0.197620011739001
133.3	0.200699396854869
133.4	0.203789962783676
133.5	0.206891452098435
133.6	0.210003604724243
133.7	0.213126164041845
133.8	0.216258878204775
133.9	0.219401496648126
134	0.222553769053654
134.1	0.225715443762957
134.2	0.228886282314098
134.3	0.232066040634335
134.4	0.235254473570536
134.5	0.238451342136793
134.6	0.24165641210777
134.7	0.244869446056373
134.8	0.248090211673398
134.9	0.251318474718074
135	0.254554006816943
135.1	0.257796579700685
135.2	0.261045969365404
135.3	0.264301947234374
135.4	0.267564294585677
135.5	0.270832790637092
135.6	0.274107214852838
135.7	0.277387349318397
135.8	0.280672979571887
135.9	0.283963894617463
136	0.287259880693961
136.1	0.290560721978055
136.2	0.293866217019815
136.3	0.297176159256229
136.4	0.300490341662862
136.5	0.303808557927218
136.6	0.307130605433656
136.7	0.310456289781187
136.8	0.313785409027809
136.9	0.3171177643879
137	0.32045316099366
137.1	0.323791406010446
137.2	0.327132305339663
137.3	0.330475670437435
137.4	0.333821308799387
137.5	0.337169032595121
137.6	0.340518657251823
137.7	0.343869996489622
137.8	0.347222865740863
137.9	0.350577082936017
138	0.353932470524374
138.1	0.357288844345938
138.2	0.360646028119581
138.3	0.364003844311355
138.4	0.367362118961015
138.5	0.3707206782528
138.6	0.374079347422133
138.7	0.377437956990526
138.8	0.380796337323767
138.9	0.384154318950542
139	0.387511731286866
139.1	0.390868412517064
139.2	0.394224197710327
139.3	0.397578920494721
139.4	0.400932415898252
139.5	0.404284526509817
139.6	0.40763509407495
139.7	0.410983959740799
139.8	0.414330960148339
139.9	0.417675938717315
140	0.421018744542829
140.1	0.424359225286891
140.2	0.427697223863857
140.3	0.431032584911892
140.4	0.434365161371603
140.5	0.437694805316248
140.6	0.441021365563191
140.7	0.444344695284672
140.8	0.447664646237146
140.9	0.450981071046713
141	0.454293829773191
141.1	0.457602777398962
141.2	0.460907769453685
141.3	0.464208663197121
141.4	0.467505322009641
141.5	0.470797605379039
141.6	0.47408537137654
141.7	0.477368485099788
141.8	0.480646808856292
141.9	0.483920209001105
142	0.487188546904317
142.1	0.490451690164679
142.2	0.493709502964613
142.3	0.496961857909244
142.4	0.500208622156111
142.5	0.5034496654513
142.6	0.506684855182052
142.7	0.509914064981307
142.8	0.513137163305515
142.9	0.516354027560565
143	0.519564530998124
143.1	0.52276854668759
143.2	0.525965949747377
143.3	0.529156617111265
143.4	0.532340425011809
143.5	0.535517249933457
143.6	0.538686970163566
143.7	0.541849467082014
143.8	0.545004619553662
143.9	0.548152309905549
144	0.551292417091054
144.1	0.554424823197931
144.2	0.557549409428097
144.3	0.560666061862333
144.4	0.563774667077443
144.5	0.566875103574292
144.6	0.569967259125731
144.7	0.57305102481791
144.8	0.576126285327369
144.9	0.57919292331113
145	0.582250828441453
145.1	0.585299889974726
145.2	0.588339999981641
145.3	0.591371048868117
145.4	0.594392925384756
145.5	0.597405516869514
145.6	0.600408720188282
145.7	0.603402427833958
145.8	0.606386532912572
145.9	0.609360925413675
146	0.612325500629531
146.1	0.615280154741256
146.2	0.618224783804873
146.3	0.621159284489981
146.4	0.624083549684461
146.5	0.6269974767843
146.6	0.629900962663099
146.7	0.632793909397851
146.8	0.635676212900002
146.9	0.638547774250015
147	0.641408489590672
147.1	0.644258259412175
147.2	0.647096983981212
147.3	0.649924568906421
147.4	0.652740915154703
147.5	0.655545919607608
147.6	0.658339487919326
147.7	0.661121520700891
147.8	0.663891923121038
147.9	0.666650602578714
148	0.669397463222286
148.1	0.672132401695627
148.2	0.674855328962918
148.3	0.677566151641187
148.4	0.680264774577145
148.5	0.682951103544466
148.6	0.685625047465326
148.7	0.688286515790264
148.8	0.690935414211323
148.9	0.693571646604393
149	0.696195126837929
149.1	0.698805764244024
149.2	0.701403466257339
149.3	0.703988144571147
149.4	0.706559708582149
149.5	0.709118071347084
149.6	0.711663143251104
149.7	0.714194832189469
149.8	0.716713052652177
149.9	0.71921771923733
150	0.721708747841104
